
INSERT INTO rettighet (navn) VALUES ('Admin');
INSERT INTO rettighet (navn) VALUES ('Foreleser');
INSERT INTO rettighet (navn) VALUES ('Student');

INSERT INTO brukere (mail, rettighet_id, fornavn, etternavn, passord, aktiv)
VALUES ('gm@mail.com', 1, 'Geir Morten', 'Larsen', 'Xaaz0QarVxaUoeaKKUamtBa0TiazwYav', 1);
INSERT INTO brukere (mail, rettighet_id, fornavn, etternavn, passord, aktiv)
VALUES ('tk@mail.com', 1, 'Ted Johan', 'Kristoffersen', 'Xaaz0QarVxaUoeaKKUamtBa0TiazwYav', 1);
INSERT INTO brukere (mail, rettighet_id, fornavn, etternavn, passord, aktiv)
VALUES ('js@mail.com', 1, 'Jørgen Lien', 'Sellæg', 'Xaaz0QarVxaUoeaKKUamtBa0TiazwYav', 1);
INSERT INTO brukere (mail, rettighet_id, fornavn, etternavn, passord, aktiv)
VALUES ('ob@mail.com', 1, 'Olve Andre', 'Børmark', 'Xaaz0QarVxaUoeaKKUamtBa0TiazwYav', 1);
INSERT INTO brukere (mail, rettighet_id, fornavn, etternavn, passord, aktiv)
VALUES ('ts@mail.com', 1, 'Thomas', 'Sve', 'Xaaz0QarVxaUoeaKKUamtBa0TiazwYav', 1);
INSERT INTO brukere (mail, rettighet_id, fornavn, etternavn, passord, aktiv)
VALUES ('hb@mail.com', 1, 'Henriette', 'Berg', 'Xaaz0QarVxaUoeaKKUamtBa0TiazwYav', 1);
INSERT INTO brukere (mail, rettighet_id, fornavn, etternavn, passord, aktiv)
VALUES ('og@mail.com', 1, 'Øyvind', 'Grimstad', 'Xaaz0QarVxaUoeaKKUamtBa0TiazwYav', 1);
INSERT INTO brukere (mail, rettighet_id, fornavn, etternavn, passord, aktiv)
VALUES ('km@mail.com', 1, 'Ketta', 'Mykkelgjerd', 'Xaaz0QarVxaUoeaKKUamtBa0TiazwYav', 1);
INSERT INTO brukere (mail, rettighet_id, fornavn, etternavn, passord, aktiv)
VALUES ('eo@mail.com', 1, 'Eirik', 'Øvstedal', 'Xaaz0QarVxaUoeaKKUamtBa0TiazwYav', 0);
INSERT INTO brukere (mail, rettighet_id, fornavn, etternavn, passord, aktiv)
VALUES ('grethe@mail.com', 2, 'Grethe', 'Sandstrak', 'Xaaz0QarVxaUoeaKKUamtBa0TiazwYav', 1);
INSERT INTO brukere (mail, rettighet_id, fornavn, etternavn, passord, aktiv)
VALUES ('anette@mail.com', 3, 'Anette', 'Wrlsen', 'Xaaz0QarVxaUoeaKKUamtBa0TiazwYav', 1);
INSERT INTO brukere (mail, rettighet_id, fornavn, etternavn, passord, aktiv)
VALUES ('SuperAdmin@mail.com', 3, 'Admin', 'Super', 'Xaaz0QarVxaUoeaKKUamtBa0TiazwYav', 1);


INSERT INTO emner (emnekode, emnenavn) VALUES ('TDAT2001-A', 'Realfag for dataingeniører');
INSERT INTO emner (emnekode, emnenavn) VALUES ('TDAT2002-A', 'Matematikk 2');
INSERT INTO emner (emnekode, emnenavn) VALUES ('TDAT2003-A', 'Systemutvikling 2 med web-applikasjoner');
INSERT INTO emner (emnekode, emnenavn) VALUES ('TDAT2004-A', 'Datakommunikasjon med nettverksprogrammering');
INSERT INTO emner (emnekode, emnenavn) VALUES ('TDAT2005-A', 'Algoritmer ig datastrukturer');
INSERT INTO emner (emnekode, emnenavn) VALUES ('TDAT3018-A', 'Internasjonalt emne');
INSERT INTO emner (emnekode, emnenavn) VALUES ('TDAT1003-A', 'Datateknikk og operativsystem');
INSERT INTO emner (emnekode, emnenavn) VALUES ('TDAT1001-A', 'Programmering grunnkurs');
INSERT INTO emner (emnekode, emnenavn) VALUES ('IINI3006', 'HTML5');
INSERT INTO emner (emnekode, emnenavn) VALUES ('ALM800F-B', 'Fysikk');
INSERT INTO emner (emnekode, emnenavn) VALUES ('ALM801F-A', 'Engelsk');
INSERT INTO emner (emnekode, emnenavn) VALUES ('ALM802F-B', 'Matematikk');
INSERT INTO emner (emnekode, emnenavn) VALUES ('ALM803F-A', 'Norsk');
INSERT INTO emner (emnekode, emnenavn) VALUES ('ALM805F-A', 'Teknologi og samfunn');

INSERT INTO koe (aapen) VALUES (1);
INSERT INTO koe (aapen) VALUES (1);
INSERT INTO koe (aapen) VALUES (1);
INSERT INTO koe (aapen) VALUES (1);
INSERT INTO koe (aapen) VALUES (1);
INSERT INTO koe (aapen) VALUES (1);
INSERT INTO koe (aapen) VALUES (1);
INSERT INTO koe (aapen) VALUES (1);
INSERT INTO koe (aapen) VALUES (1);
INSERT INTO koe (aapen) VALUES (1);
INSERT INTO koe (aapen) VALUES (1);
INSERT INTO koe (aapen) VALUES (1);
INSERT INTO koe (aapen) VALUES (1);
INSERT INTO koe (aapen) VALUES (1);
INSERT INTO koe (aapen) VALUES (1);
INSERT INTO koe (aapen) VALUES (1);
INSERT INTO koe (aapen) VALUES (1);
INSERT INTO koe (aapen) VALUES (1);
INSERT INTO koe (aapen) VALUES (1);
INSERT INTO koe (aapen) VALUES (1);
INSERT INTO koe (aapen) VALUES (1);
INSERT INTO koe (aapen) VALUES (0);
INSERT INTO koe (aapen) VALUES (0);
INSERT INTO koe (aapen) VALUES (0);
INSERT INTO koe (aapen) VALUES (0);
INSERT INTO koe (aapen) VALUES (0);
INSERT INTO koe (aapen) VALUES (0);
INSERT INTO koe (aapen) VALUES (0);
INSERT INTO koe (aapen) VALUES (0);
INSERT INTO koe (aapen) VALUES (0);
INSERT INTO koe (aapen) VALUES (0);
INSERT INTO koe (aapen) VALUES (0);
INSERT INTO koe (aapen) VALUES (0);
INSERT INTO koe (aapen) VALUES (0);
INSERT INTO koe (aapen) VALUES (0);
INSERT INTO koe (aapen) VALUES (0);
INSERT INTO koe (aapen) VALUES (0);
INSERT INTO koe (aapen) VALUES (0);
INSERT INTO koe (aapen) VALUES (0);
INSERT INTO koe (aapen) VALUES (0);
INSERT INTO koe (aapen) VALUES (0);
INSERT INTO koe (aapen) VALUES (0);

INSERT INTO delemne (delemne_nr, emnekode, koe_id, delemnenavn, semester, ant_ovinger, ovingsregler)
VALUES (1, 'ALM805F-A', 1, 'Politikk', 'H', '10', '1-5:2,6-10:4,1-10:7,6-7:2,2-2:1');
INSERT INTO delemne (delemne_nr, emnekode, koe_id, delemnenavn, semester, ant_ovinger, ovingsregler)
VALUES (2, 'ALM805F-A', 2, 'Kjemi', 'H', '10', '1-10:8');
INSERT INTO delemne (delemne_nr, emnekode, koe_id, delemnenavn, semester, ant_ovinger, ovingsregler)
VALUES (3, 'ALM805F-A', 3, 'Økonomi', 'V', '10', '');
INSERT INTO delemne (delemne_nr, emnekode, koe_id, delemnenavn, semester, ant_ovinger, ovingsregler)
VALUES (4, 'ALM805F-A', 4, 'Etikk', 'V', '10', '2-2:1,5-5:1,8-8:1');
INSERT INTO delemne (delemne_nr, emnekode, koe_id, delemnenavn, semester, ant_ovinger, ovingsregler)
VALUES (1, 'TDAT2005-A', 5, 'Algoritmer og datastrukturer', 'H', '10', '1-6:6');
INSERT INTO delemne (delemne_nr, emnekode, koe_id, delemnenavn, semester, ant_ovinger, ovingsregler)
VALUES (1, 'TDAT2003-A', 6, 'Systemutvikling 2 med web-applikasjoner', 'H', '10', '1-6:3');

INSERT INTO emner_brukere (emnekode, mail, foreleser) VALUES ('ALM805F-A', 'gm@mail.com', 0);
INSERT INTO emner_brukere (emnekode, mail, foreleser) VALUES ('TDAT2002-A', 'gm@mail.com', 0);
INSERT INTO emner_brukere (emnekode, mail, foreleser) VALUES ('TDAT2003-A', 'gm@mail.com', 0);
INSERT INTO emner_brukere (emnekode, mail, foreleser) VALUES ('TDAT2004-A', 'gm@mail.com', 0);
INSERT INTO emner_brukere (emnekode, mail, foreleser) VALUES ('TDAT1003-A', 'gm@mail.com', 0);
INSERT INTO emner_brukere (emnekode, mail, foreleser) VALUES ('TDAT1001-A', 'gm@mail.com', 0);
INSERT INTO emner_brukere (emnekode, mail, foreleser) VALUES ('IINI3006', 'tk@mail.com', 0);
INSERT INTO emner_brukere (emnekode, mail, foreleser) VALUES ('TDAT2004-A', 'tk@mail.com', 0);
INSERT INTO emner_brukere (emnekode, mail, foreleser) VALUES ('ALM802F-B', 'tk@mail.com', 0);
INSERT INTO emner_brukere (emnekode, mail, foreleser) VALUES ('TDAT1001-A', 'tk@mail.com', 0);
INSERT INTO emner_brukere (emnekode, mail, foreleser) VALUES ('TDAT2003-A', 'ob@mail.com', 0);
INSERT INTO emner_brukere (emnekode, mail, foreleser) VALUES ('TDAT2004-A', 'ob@mail.com', 0);
INSERT INTO emner_brukere (emnekode, mail, foreleser) VALUES ('TDAT1003-A', 'ob@mail.com', 0);
INSERT INTO emner_brukere (emnekode, mail, foreleser) VALUES ('ALM805F-A', 'ob@mail.com', 0);
INSERT INTO emner_brukere (emnekode, mail, foreleser) VALUES ('IINI3006', 'ob@mail.com', 0);
INSERT INTO emner_brukere (emnekode, mail, foreleser) VALUES ('ALM803F-A', 'ob@mail.com', 0);
INSERT INTO emner_brukere (emnekode, mail, foreleser) VALUES ('ALM802F-B', 'ob@mail.com', 0);
INSERT INTO emner_brukere (emnekode, mail, foreleser) VALUES ('TDAT1001-A', 'ob@mail.com', 0);
INSERT INTO emner_brukere (emnekode, mail, foreleser) VALUES ('TDAT2001-A', 'og@mail.com', 0);
INSERT INTO emner_brukere (emnekode, mail, foreleser) VALUES ('ALM802F-B', 'og@mail.com', 0);
INSERT INTO emner_brukere (emnekode, mail, foreleser) VALUES ('ALM802F-B', 'grethe@mail.com', 1);
INSERT INTO emner_brukere (emnekode, mail, foreleser) VALUES ('ALM802F-B', 'anette@mail.com', 1);
INSERT INTO emner_brukere (emnekode, mail, foreleser) VALUES ('TDAT2001-A', 'grethe@mail.com', 1);
INSERT INTO emner_brukere (emnekode, mail, foreleser) VALUES ('IINI3006', 'grethe@mail.com', 1);
INSERT INTO emner_brukere (emnekode, mail, foreleser) VALUES ('ALM805F-A', 'grethe@mail.com', 1);

INSERT INTO plassering (plassering_navn, ant_bord) VALUES ('Labben 2.etg', 19);
INSERT INTO plassering (plassering_navn, ant_bord) VALUES ('Polareal 1.etg', 24);
INSERT INTO plassering (plassering_navn, ant_bord) VALUES ('Sukkerhuset 4.etg', 19);
INSERT INTO plassering (plassering_navn, ant_bord) VALUES ('Tihlde drift', 9);
INSERT INTO plassering (plassering_navn, ant_bord) VALUES ('P-Lab 1.etg', 19);

INSERT INTO gruppe (gruppe_id, mail, leder) VALUES (1,'tk@mail.com', 1);
INSERT INTO gruppe (gruppe_id, mail, leder) VALUES (1,'gm@mail.com', 0);
INSERT INTO gruppe (gruppe_id, mail, leder) VALUES (2,'eo@mail.com', 1);
INSERT INTO gruppe (gruppe_id, mail, leder) VALUES (3,'km@mail.com', 1);
INSERT INTO gruppe (gruppe_id, mail, leder) VALUES (4,'hb@mail.com', 1);
INSERT INTO gruppe (gruppe_id, mail, leder) VALUES (5,'js@mail.com', 1);
INSERT INTO gruppe (gruppe_id, mail, leder) VALUES (6,'ts@mail.com', 1);

INSERT INTO koe_gruppe (koe_id, gruppe_id, plassering_navn, bordnummer, koe_plass, info, faar_hjelp)
VALUES (1, 1, 'Labben 2.etg', 3, 1, '?!?!?!', 'anette@mail.com');
INSERT INTO koe_gruppe (koe_id, gruppe_id, plassering_navn, bordnummer, koe_plass, faar_hjelp)
VALUES (1, 2, 'Labben 2.etg', 2, 2, null );
INSERT INTO koe_gruppe (koe_id, gruppe_id, plassering_navn, bordnummer,  koe_plass,info, faar_hjelp)
VALUES (1, 3, 'Labben 2.etg', 3, 3, 'Hjelp!', null);
INSERT INTO koe_gruppe (koe_id, gruppe_id, plassering_navn, bordnummer, koe_plass, faar_hjelp)
VALUES (1, 4, 'Labben 2.etg', 9, 4,  null);
INSERT INTO koe_gruppe (koe_id, gruppe_id, plassering_navn, bordnummer,  koe_plass, info, faar_hjelp)
VALUES (1, 5, 'Labben 2.etg', 5, 7, 'Godkjenning!', 'grethe@mail.com');
INSERT INTO koe_gruppe (koe_id, gruppe_id, plassering_navn, bordnummer, koe_plass, faar_hjelp)
VALUES (1, 6, 'Labben 2.etg', 2, 6, null );

INSERT INTO oving (oving_nr, emnekode, delemne_nr) VALUES (1, 'ALM805F-A', 1);
INSERT INTO oving (oving_nr, emnekode, delemne_nr) VALUES (2, 'ALM805F-A', 1);
INSERT INTO oving (oving_nr, emnekode, delemne_nr) VALUES (3, 'ALM805F-A', 1);
INSERT INTO oving (oving_nr, emnekode, delemne_nr) VALUES (4, 'ALM805F-A', 1);
INSERT INTO oving (oving_nr, emnekode, delemne_nr) VALUES (5, 'ALM805F-A', 1);
INSERT INTO oving (oving_nr, emnekode, delemne_nr) VALUES (6, 'ALM805F-A', 1);
INSERT INTO oving (oving_nr, emnekode, delemne_nr) VALUES (1, 'ALM805F-A', 2);
INSERT INTO oving (oving_nr, emnekode, delemne_nr) VALUES (2, 'ALM805F-A', 2);
INSERT INTO oving (oving_nr, emnekode, delemne_nr) VALUES (3, 'ALM805F-A', 2);
INSERT INTO oving (oving_nr, emnekode, delemne_nr) VALUES (4, 'ALM805F-A', 2);
INSERT INTO oving (oving_nr, emnekode, delemne_nr) VALUES (5, 'ALM805F-A', 2);
INSERT INTO oving (oving_nr, emnekode, delemne_nr) VALUES (1, 'ALM805F-A', 3);
INSERT INTO oving (oving_nr, emnekode, delemne_nr) VALUES (2, 'ALM805F-A', 3);
INSERT INTO oving (oving_nr, emnekode, delemne_nr) VALUES (3, 'ALM805F-A', 3);
INSERT INTO oving (oving_nr, emnekode, delemne_nr) VALUES (1, 'TDAT2005-A', 1);
INSERT INTO oving (oving_nr, emnekode, delemne_nr) VALUES (2, 'TDAT2005-A', 1);
INSERT INTO oving (oving_nr, emnekode, delemne_nr) VALUES (3, 'TDAT2005-A', 1);
INSERT INTO oving (oving_nr, emnekode, delemne_nr) VALUES (4, 'TDAT2005-A', 1);

INSERT INTO gruppe_oving (gruppe_id, oving_id) VALUES (1,1);
INSERT INTO gruppe_oving (gruppe_id, oving_id) VALUES (1,2);
INSERT INTO gruppe_oving (gruppe_id, oving_id) VALUES (1,4);
INSERT INTO gruppe_oving (gruppe_id, oving_id) VALUES (2,1);
INSERT INTO gruppe_oving (gruppe_id, oving_id) VALUES (3,2);
INSERT INTO gruppe_oving (gruppe_id, oving_id) VALUES (3,6);
INSERT INTO gruppe_oving (gruppe_id, oving_id) VALUES (4,1);
INSERT INTO gruppe_oving (gruppe_id, oving_id) VALUES (5,3);
INSERT INTO gruppe_oving (gruppe_id, oving_id) VALUES (6,3);



INSERT INTO delemne_brukere (mail, emnekode, delemne_nr) VALUES ('js@mail.com', 'ALM805F-A', 2);

INSERT INTO oving_brukere (oving_id, mail, godkjent, godkjent_av, godkjent_tid)
VALUES (1, 'ob@mail.com', 0, null, null);
INSERT INTO oving_brukere (oving_id, mail, godkjent, godkjent_av, godkjent_tid)
VALUES (2, 'ob@mail.com', 0, null, null);
INSERT INTO oving_brukere (oving_id, mail, godkjent, godkjent_av, godkjent_tid)
VALUES (3, 'ob@mail.com', 1, 'Grethe', '2000-01-01 13:37:00');
INSERT INTO oving_brukere (oving_id, mail, godkjent, godkjent_av, godkjent_tid)
VALUES (4, 'ob@mail.com', 1, 'Anette', '1989-06-30 10:20:21');
INSERT INTO oving_brukere (oving_id, mail, godkjent, godkjent_av, godkjent_tid)
VALUES (6, 'ob@mail.com', 1, 'Jørgen', '2000-12-03 09:40:11');
INSERT INTO oving_brukere (oving_id, mail, godkjent, godkjent_av, godkjent_tid)
VALUES (7, 'ob@mail.com', 0, null, null);

